timestamp,container,cpu_percent,mem_usage,mem_percent,net_io,block_io
1789312645.9504628,aegis-control-plane,0.20%,67.92MiB / 3.748GiB,1.77%,476kB / 427kB,0B / 26.1MB
1789312645.9504628,aegis-enforcement-gateway,116.61%,86.9MiB / 3.748GiB,2.26%,47.6kB / 64kB,0B / 1.27MB
1789312645.9504628,aegis-credential-broker,51.26%,71.98MiB / 3.748GiB,1.88%,46.6kB / 24.4kB,0B / 168kB
1789312645.9504628,aegis-protected-tool,10.03%,63.11MiB / 3.748GiB,1.64%,15.2kB / 10.9kB,0B / 168kB
1789312645.9504628,aegis-bench-runner,50.42%,25.37MiB / 3.748GiB,0.66%,14.2kB / 30.7kB,0B / 0B
1789312650.2182558,aegis-control-plane,0.19%,67.71MiB / 3.748GiB,1.76%,476kB / 427kB,0B / 28.6MB
1789312650.2182558,aegis-enforcement-gateway,137.48%,105.4MiB / 3.748GiB,2.75%,112kB / 175kB,0B / 3.08MB
1789312650.2182558,aegis-credential-broker,27.44%,76.43MiB / 3.748GiB,1.99%,168kB / 94.2kB,0B / 168kB
1789312650.2182558,aegis-protected-tool,5.55%,63.43MiB / 3.748GiB,1.65%,53.6kB / 42.3kB,0B / 168kB
1789312650.2182558,aegis-bench-runner,8.98%,24.97MiB / 3.748GiB,0.65%,106kB / 80.7kB,0B / 0B
1789312654.480223,aegis-control-plane,10.64%,75.76MiB / 3.748GiB,1.97%,476kB / 427kB,0B / 29.2MB
1789312654.480223,aegis-enforcement-gateway,14.65%,118.6MiB / 3.748GiB,3.09%,198kB / 343kB,0B / 7.93MB
1789312654.480223,aegis-credential-broker,0.15%,76.89MiB / 3.748GiB,2.00%,251kB / 143kB,0B / 532kB
1789312654.480223,aegis-protected-tool,0.15%,63.27MiB / 3.748GiB,1.65%,80.7kB / 64.4kB,0B / 532kB
1789312654.480223,aegis-bench-runner,30.51%,19.79MiB / 3.748GiB,0.52%,163kB / 131kB,0B / 0B
1789312658.738494,aegis-control-plane,20.27%,77.39MiB / 3.748GiB,2.02%,476kB / 427kB,0B / 29.2MB
1789312658.738494,aegis-enforcement-gateway,5.19%,124.2MiB / 3.748GiB,3.24%,263kB / 457kB,0B / 11.9MB
1789312658.738494,aegis-credential-broker,27.02%,78.09MiB / 3.748GiB,2.03%,364kB / 208kB,0B / 532kB
1789312658.738494,aegis-protected-tool,0.46%,63.21MiB / 3.748GiB,1.65%,107kB / 85.8kB,0B / 532kB
1789312658.738494,aegis-bench-runner,34.80%,25.03MiB / 3.748GiB,0.65%,235kB / 206kB,0B / 0B
1789312662.9951053,aegis-control-plane,0.14%,68.49MiB / 3.748GiB,1.78%,476kB / 427kB,0B / 29.2MB
1789312662.9951053,aegis-enforcement-gateway,24.54%,127.4MiB / 3.748GiB,3.32%,358kB / 582kB,0B / 15.8MB
1789312662.9951053,aegis-credential-broker,36.55%,78.02MiB / 3.748GiB,2.03%,465kB / 266kB,0B / 532kB
1789312662.9951053,aegis-protected-tool,7.27%,63.16MiB / 3.748GiB,1.65%,148kB / 119kB,0B / 532kB
1789312662.9951053,aegis-bench-runner,8.54%,25.29MiB / 3.748GiB,0.66%,301kB / 252kB,0B / 0B
1789312667.243192,aegis-control-plane,0.16%,68.29MiB / 3.748GiB,1.78%,476kB / 427kB,0B / 29.2MB
1789312667.243192,aegis-enforcement-gateway,74.21%,135.1MiB / 3.748GiB,3.52%,450kB / 794kB,0B / 24.7MB
1789312667.243192,aegis-credential-broker,29.78%,77.46MiB / 3.748GiB,2.02%,578kB / 332kB,0B / 532kB
1789312667.243192,aegis-protected-tool,5.67%,63.1MiB / 3.748GiB,1.64%,185kB / 149kB,0B / 532kB
1789312667.243192,aegis-bench-runner,7.21%,25MiB / 3.748GiB,0.65%,352kB / 295kB,0B / 0B
1789312671.5167012,aegis-control-plane,0.15%,68.4MiB / 3.748GiB,1.78%,476kB / 427kB,0B / 29.2MB
1789312671.5167012,aegis-enforcement-gateway,5.00%,140MiB / 3.748GiB,3.65%,547kB / 922kB,0B / 28.7MB
1789312671.5167012,aegis-credential-broker,0.13%,78.16MiB / 3.748GiB,2.04%,664kB / 381kB,0B / 532kB
1789312671.5167012,aegis-protected-tool,0.13%,63.07MiB / 3.748GiB,1.64%,212kB / 172kB,0B / 532kB
1789312671.5167012,aegis-bench-runner,15.13%,1.945MiB / 3.748GiB,0.05%,428kB / 349kB,0B / 0B
1789312675.739587,aegis-control-plane,0.16%,68.34MiB / 3.748GiB,1.78%,476kB / 427kB,0B / 29.2MB
1789312675.739587,aegis-enforcement-gateway,129.95%,145.8MiB / 3.748GiB,3.80%,634kB / 1.1MB,0B / 35.2MB
1789312675.739587,aegis-credential-broker,34.44%,77.55MiB / 3.748GiB,2.02%,793kB / 456kB,0B / 532kB
1789312675.739587,aegis-protected-tool,7.24%,63.57MiB / 3.748GiB,1.66%,253kB / 205kB,0B / 532kB
1789312675.739587,aegis-bench-runner,45.88%,24.97MiB / 3.748GiB,0.65%,492kB / 423kB,0B / 12.3kB
1789312679.9861405,aegis-control-plane,22.88%,68.5MiB / 3.748GiB,1.79%,476kB / 427kB,0B / 29.2MB
1789312679.9861405,aegis-enforcement-gateway,83.84%,148.1MiB / 3.748GiB,3.86%,718kB / 1.26MB,0B / 41.6MB
1789312679.9861405,aegis-credential-broker,32.37%,78.03MiB / 3.748GiB,2.03%,911kB / 524kB,0B / 532kB
1789312679.9861405,aegis-protected-tool,6.45%,63.53MiB / 3.748GiB,1.66%,278kB / 226kB,0B / 532kB
1789312679.9861405,aegis-bench-runner,15.09%,24.73MiB / 3.748GiB,0.64%,587kB / 480kB,0B / 12.3kB
1789312684.2416134,aegis-control-plane,0.15%,68.25MiB / 3.748GiB,1.78%,476kB / 427kB,0B / 29.2MB
1789312684.2416134,aegis-enforcement-gateway,12.45%,147.8MiB / 3.748GiB,3.85%,750kB / 1.31MB,0B / 43.6MB
1789312684.2416134,aegis-credential-broker,21.97%,78.47MiB / 3.748GiB,2.04%,972kB / 559kB,0B / 532kB
1789312684.2416134,aegis-protected-tool,4.23%,63.49MiB / 3.748GiB,1.65%,310kB / 251kB,0B / 532kB
1789312684.2416134,aegis-bench-runner,36.52%,24.04MiB / 3.748GiB,0.63%,626kB / 518kB,0B / 12.3kB
1789312688.5042338,aegis-control-plane,0.13%,68.11MiB / 3.748GiB,1.77%,476kB / 427kB,0B / 29.2MB
1789312688.5042338,aegis-enforcement-gateway,110.86%,151.9MiB / 3.748GiB,3.96%,848kB / 1.46MB,0B / 49.1MB
1789312688.5042338,aegis-credential-broker,10.77%,78.46MiB / 3.748GiB,2.04%,1.01MB / 580kB,0B / 532kB
1789312688.5042338,aegis-protected-tool,7.41%,63.19MiB / 3.748GiB,1.65%,337kB / 274kB,0B / 532kB
1789312688.5042338,aegis-bench-runner,39.12%,25.34MiB / 3.748GiB,0.66%,659kB / 558kB,0B / 12.3kB
1789312692.8709729,aegis-control-plane,0.16%,68.49MiB / 3.748GiB,1.78%,476kB / 427kB,0B / 29.2MB
1789312692.8709729,aegis-enforcement-gateway,0.21%,152.5MiB / 3.748GiB,3.97%,896kB / 1.59MB,0B / 54.3MB
1789312692.8709729,aegis-credential-broker,33.16%,78.68MiB / 3.748GiB,2.05%,1.16MB / 667kB,0B / 532kB
1789312692.8709729,aegis-protected-tool,0.17%,63.42MiB / 3.748GiB,1.65%,369kB / 300kB,0B / 532kB
1789312692.8709729,aegis-bench-runner,12.67%,24.76MiB / 3.748GiB,0.65%,740kB / 593kB,0B / 12.3kB
1789312697.2133467,aegis-control-plane,30.50%,67.9MiB / 3.748GiB,1.77%,476kB / 427kB,0B / 29.2MB
1789312697.2133467,aegis-enforcement-gateway,127.22%,154.6MiB / 3.748GiB,4.03%,1e+03kB / 1.8MB,0B / 62.5MB
1789312697.2133467,aegis-credential-broker,34.87%,79.12MiB / 3.748GiB,2.06%,1.32MB / 758kB,0B / 532kB
1789312697.2133467,aegis-protected-tool,8.21%,63.4MiB / 3.748GiB,1.65%,419kB / 341kB,0B / 532kB
1789312697.2133467,aegis-bench-runner,11.45%,25.57MiB / 3.748GiB,0.67%,832kB / 657kB,0B / 12.3kB
1789312701.5024161,aegis-control-plane,0.17%,67.9MiB / 3.748GiB,1.77%,476kB / 427kB,0B / 29.2MB
1789312701.5024161,aegis-enforcement-gateway,131.23%,159.3MiB / 3.748GiB,4.15%,1.09MB / 1.93MB,0B / 67.5MB
1789312701.5024161,aegis-credential-broker,32.52%,79.34MiB / 3.748GiB,2.07%,1.41MB / 810kB,0B / 532kB
1789312701.5024161,aegis-protected-tool,5.46%,63.61MiB / 3.748GiB,1.66%,448kB / 364kB,0B / 532kB
1789312701.5024161,aegis-bench-runner,14.32%,25.26MiB / 3.748GiB,0.66%,893kB / 722kB,0B / 12.3kB
1789312705.803966,aegis-control-plane,0.19%,68.27MiB / 3.748GiB,1.78%,476kB / 427kB,0B / 29.2MB
1789312705.803966,aegis-enforcement-gateway,35.19%,155.2MiB / 3.748GiB,4.04%,1.12MB / 2.03MB,0B / 71.6MB
1789312705.803966,aegis-credential-broker,2.34%,79.29MiB / 3.748GiB,2.07%,1.49MB / 859kB,0B / 532kB
1789312705.803966,aegis-protected-tool,0.54%,63.35MiB / 3.748GiB,1.65%,475kB / 386kB,0B / 532kB
1789312705.803966,aegis-bench-runner,48.24%,2.41MiB / 3.748GiB,0.06%,940kB / 735kB,0B / 12.3kB
1789312710.07469,aegis-control-plane,0.15%,67.7MiB / 3.748GiB,1.76%,476kB / 427kB,0B / 29.2MB
1789312710.07469,aegis-enforcement-gateway,50.78%,155.2MiB / 3.748GiB,4.04%,1.14MB / 2.07MB,0B / 72.9MB
1789312710.07469,aegis-credential-broker,0.14%,79.03MiB / 3.748GiB,2.06%,1.52MB / 874kB,0B / 532kB
1789312710.07469,aegis-protected-tool,0.14%,63.07MiB / 3.748GiB,1.64%,483kB / 393kB,0B / 532kB
1789312710.07469,aegis-bench-runner,38.94%,24.25MiB / 3.748GiB,0.63%,961kB / 763kB,0B / 12.3kB
1789312714.3345616,aegis-control-plane,0.27%,68.09MiB / 3.748GiB,1.77%,476kB / 427kB,0B / 29.2MB
1789312714.3345616,aegis-enforcement-gateway,13.06%,153.1MiB / 3.748GiB,3.99%,1.22MB / 2.16MB,0B / 75.7MB
1789312714.3345616,aegis-credential-broker,9.39%,79.28MiB / 3.748GiB,2.07%,1.57MB / 905kB,0B / 532kB
1789312714.3345616,aegis-protected-tool,1.90%,63.07MiB / 3.748GiB,1.64%,500kB / 407kB,0B / 532kB
1789312714.3345616,aegis-bench-runner,44.83%,26.16MiB / 3.748GiB,0.68%,997kB / 815kB,0B / 12.3kB
1789312718.5641015,aegis-control-plane,17.43%,68.13MiB / 3.748GiB,1.78%,476kB / 427kB,0B / 29.2MB
1789312718.5641015,aegis-enforcement-gateway,9.57%,162.3MiB / 3.748GiB,4.23%,1.22MB / 2.16MB,0B / 75.7MB
1789312718.5641015,aegis-credential-broker,0.13%,79.28MiB / 3.748GiB,2.07%,1.57MB / 905kB,0B / 532kB
1789312718.5641015,aegis-protected-tool,0.20%,63.07MiB / 3.748GiB,1.64%,500kB / 407kB,0B / 532kB
1789312718.5641015,aegis-bench-runner,0.00%,26.16MiB / 3.748GiB,0.68%,997kB / 815kB,0B / 12.3kB
1789312722.7867475,aegis-control-plane,0.15%,68.1MiB / 3.748GiB,1.77%,476kB / 427kB,0B / 29.2MB
1789312722.7867475,aegis-enforcement-gateway,0.27%,153MiB / 3.748GiB,3.99%,1.22MB / 2.16MB,0B / 75.7MB
1789312722.7867475,aegis-credential-broker,0.18%,79.28MiB / 3.748GiB,2.07%,1.57MB / 905kB,0B / 532kB
1789312722.7867475,aegis-protected-tool,0.26%,63.07MiB / 3.748GiB,1.64%,500kB / 407kB,0B / 532kB
1789312722.7867475,aegis-bench-runner,0.00%,26.16MiB / 3.748GiB,0.68%,997kB / 815kB,0B / 12.3kB
1789312727.0199625,aegis-control-plane,0.18%,68.43MiB / 3.748GiB,1.78%,476kB / 427kB,0B / 29.2MB
1789312727.0199625,aegis-enforcement-gateway,11.85%,162.2MiB / 3.748GiB,4.23%,1.22MB / 2.16MB,0B / 75.7MB
1789312727.0199625,aegis-credential-broker,0.19%,79.28MiB / 3.748GiB,2.07%,1.57MB / 905kB,0B / 532kB
1789312727.0199625,aegis-protected-tool,0.23%,63.07MiB / 3.748GiB,1.64%,500kB / 407kB,0B / 532kB
1789312727.0199625,aegis-bench-runner,0.00%,26.16MiB / 3.748GiB,0.68%,997kB / 815kB,0B / 12.3kB
1789312731.2974153,aegis-control-plane,0.18%,68.1MiB / 3.748GiB,1.77%,476kB / 427kB,0B / 29.2MB
1789312731.2974153,aegis-enforcement-gateway,0.17%,156.4MiB / 3.748GiB,4.08%,1.3MB / 2.18MB,0B / 75.7MB
1789312731.2974153,aegis-credential-broker,0.14%,79.28MiB / 3.748GiB,2.07%,1.57MB / 905kB,0B / 532kB
1789312731.2974153,aegis-protected-tool,0.17%,63.07MiB / 3.748GiB,1.64%,500kB / 407kB,0B / 532kB
1789312731.2974153,aegis-bench-runner,54.12%,26.81MiB / 3.748GiB,0.70%,1.02MB / 886kB,0B / 12.3kB
1789312735.554421,aegis-control-plane,0.22%,67.98MiB / 3.748GiB,1.77%,476kB / 427kB,0B / 29.2MB
1789312735.554421,aegis-enforcement-gateway,0.31%,165.7MiB / 3.748GiB,4.32%,1.3MB / 2.18MB,0B / 75.7MB
1789312735.554421,aegis-credential-broker,0.29%,79.28MiB / 3.748GiB,2.07%,1.57MB / 905kB,0B / 532kB
1789312735.554421,aegis-protected-tool,0.25%,63.07MiB / 3.748GiB,1.64%,500kB / 407kB,0B / 532kB
1789312735.554421,aegis-bench-runner,0.00%,26.81MiB / 3.748GiB,0.70%,1.02MB / 886kB,0B / 12.3kB
1789312739.8649344,aegis-control-plane,0.28%,67.88MiB / 3.748GiB,1.77%,476kB / 427kB,0B / 29.2MB
1789312739.8649344,aegis-enforcement-gateway,0.23%,156.2MiB / 3.748GiB,4.07%,1.3MB / 2.18MB,0B / 75.7MB
1789312739.8649344,aegis-credential-broker,0.22%,79.28MiB / 3.748GiB,2.07%,1.57MB / 905kB,0B / 532kB
1789312739.8649344,aegis-protected-tool,0.25%,63.07MiB / 3.748GiB,1.64%,500kB / 407kB,0B / 532kB
1789312739.8649344,aegis-bench-runner,0.00%,26.81MiB / 3.748GiB,0.70%,1.02MB / 886kB,0B / 12.3kB
1789312744.18992,aegis-control-plane,27.12%,68.23MiB / 3.748GiB,1.78%,476kB / 427kB,0B / 29.2MB
1789312744.18992,aegis-enforcement-gateway,117.79%,161.4MiB / 3.748GiB,4.20%,1.3MB / 2.19MB,1.19MB / 76.7MB
1789312744.18992,aegis-credential-broker,13.25%,79.02MiB / 3.748GiB,2.06%,1.58MB / 912kB,0B / 532kB
1789312744.18992,aegis-protected-tool,2.31%,63.06MiB / 3.748GiB,1.64%,504kB / 410kB,0B / 532kB
1789312744.18992,aegis-bench-runner,0.00%,26.81MiB / 3.748GiB,0.70%,1.02MB / 886kB,0B / 12.3kB
1789312748.4083502,aegis-control-plane,12.81%,68.66MiB / 3.748GiB,1.79%,476kB / 427kB,0B / 29.2MB
1789312748.4083502,aegis-enforcement-gateway,0.12%,162.3MiB / 3.748GiB,4.23%,1.34MB / 2.21MB,1.19MB / 77.2MB
1789312748.4083502,aegis-credential-broker,0.13%,79.02MiB / 3.748GiB,2.06%,1.59MB / 915kB,0B / 532kB
1789312748.4083502,aegis-protected-tool,0.13%,63.06MiB / 3.748GiB,1.64%,505kB / 411kB,0B / 532kB
1789312748.4083502,aegis-bench-runner,3.25%,25.1MiB / 3.748GiB,0.65%,1.04MB / 929kB,0B / 12.3kB
1789312752.7127702,aegis-control-plane,0.25%,68.39MiB / 3.748GiB,1.78%,476kB / 427kB,0B / 29.2MB
1789312752.7127702,aegis-enforcement-gateway,0.56%,162.3MiB / 3.748GiB,4.23%,1.34MB / 2.21MB,1.19MB / 77.2MB
1789312752.7127702,aegis-credential-broker,0.21%,79.02MiB / 3.748GiB,2.06%,1.59MB / 915kB,0B / 532kB
1789312752.7127702,aegis-protected-tool,0.19%,63.06MiB / 3.748GiB,1.64%,505kB / 411kB,0B / 532kB
1789312752.7127702,aegis-bench-runner,0.00%,25.09MiB / 3.748GiB,0.65%,1.04MB / 929kB,0B / 12.3kB
1789312756.9285235,aegis-control-plane,0.12%,68.51MiB / 3.748GiB,1.79%,476kB / 427kB,0B / 29.2MB
1789312756.9285235,aegis-enforcement-gateway,0.12%,162.3MiB / 3.748GiB,4.23%,1.34MB / 2.21MB,1.19MB / 77.2MB
1789312756.9285235,aegis-credential-broker,0.13%,79.02MiB / 3.748GiB,2.06%,1.59MB / 915kB,0B / 532kB
1789312756.9285235,aegis-protected-tool,0.12%,63.06MiB / 3.748GiB,1.64%,505kB / 411kB,0B / 532kB
1789312756.9285235,aegis-bench-runner,0.00%,25.09MiB / 3.748GiB,0.65%,1.04MB / 929kB,0B / 12.3kB
1789312761.146464,aegis-control-plane,0.10%,68.84MiB / 3.748GiB,1.79%,476kB / 427kB,0B / 29.2MB
1789312761.146464,aegis-enforcement-gateway,0.36%,162.2MiB / 3.748GiB,4.23%,1.34MB / 2.21MB,1.19MB / 77.2MB
1789312761.146464,aegis-credential-broker,0.16%,79.02MiB / 3.748GiB,2.06%,1.59MB / 915kB,0B / 532kB
1789312761.146464,aegis-protected-tool,0.20%,63.06MiB / 3.748GiB,1.64%,505kB / 411kB,0B / 532kB
1789312761.146464,aegis-bench-runner,0.00%,25.09MiB / 3.748GiB,0.65%,1.04MB / 929kB,0B / 12.3kB
1789312765.3646858,aegis-control-plane,0.15%,68.12MiB / 3.748GiB,1.78%,476kB / 427kB,0B / 29.2MB
1789312765.3646858,aegis-enforcement-gateway,11.84%,174MiB / 3.748GiB,4.53%,1.38MB / 2.22MB,1.19MB / 77.2MB
1789312765.3646858,aegis-credential-broker,0.17%,79.02MiB / 3.748GiB,2.06%,1.59MB / 915kB,0B / 532kB
1789312765.3646858,aegis-protected-tool,0.15%,63.06MiB / 3.748GiB,1.64%,505kB / 411kB,0B / 532kB
1789312765.3646858,aegis-bench-runner,0.00%,25.33MiB / 3.748GiB,0.66%,1.05MB / 966kB,0B / 12.3kB
1789312769.5958662,aegis-control-plane,12.06%,68.71MiB / 3.748GiB,1.79%,476kB / 427kB,0B / 29.2MB
1789312769.5958662,aegis-enforcement-gateway,0.18%,164.5MiB / 3.748GiB,4.29%,1.38MB / 2.22MB,1.19MB / 77.2MB
1789312769.5958662,aegis-credential-broker,0.17%,79.02MiB / 3.748GiB,2.06%,1.59MB / 915kB,0B / 532kB
1789312769.5958662,aegis-protected-tool,0.14%,63.06MiB / 3.748GiB,1.64%,505kB / 411kB,0B / 532kB
1789312769.5958662,aegis-bench-runner,0.00%,25.33MiB / 3.748GiB,0.66%,1.05MB / 966kB,0B / 12.3kB
1789312773.927149,aegis-control-plane,7.24%,72.25MiB / 3.748GiB,1.88%,476kB / 427kB,0B / 29.2MB
1789312773.927149,aegis-enforcement-gateway,62.38%,173.3MiB / 3.748GiB,4.52%,1.38MB / 2.22MB,1.19MB / 77.2MB
1789312773.927149,aegis-credential-broker,0.29%,79.02MiB / 3.748GiB,2.06%,1.59MB / 915kB,0B / 532kB
1789312773.927149,aegis-protected-tool,0.26%,63.06MiB / 3.748GiB,1.64%,505kB / 411kB,0B / 532kB
1789312773.927149,aegis-bench-runner,0.00%,25.33MiB / 3.748GiB,0.66%,1.05MB / 966kB,0B / 12.3kB
1789312778.2369974,aegis-control-plane,0.17%,68.23MiB / 3.748GiB,1.78%,476kB / 427kB,0B / 29.2MB
1789312778.2369974,aegis-enforcement-gateway,4.65%,165.8MiB / 3.748GiB,4.32%,1.42MB / 2.24MB,1.19MB / 77.2MB
1789312778.2369974,aegis-credential-broker,0.19%,79.02MiB / 3.748GiB,2.06%,1.59MB / 915kB,0B / 532kB
1789312778.2369974,aegis-protected-tool,0.16%,63.06MiB / 3.748GiB,1.64%,505kB / 411kB,0B / 532kB
1789312778.2369974,aegis-bench-runner,12.32%,1.762MiB / 3.748GiB,0.05%,1.06MB / 973kB,0B / 12.3kB
1789312782.4658961,aegis-control-plane,0.21%,68.07MiB / 3.748GiB,1.77%,476kB / 427kB,0B / 29.2MB
1789312782.4658961,aegis-enforcement-gateway,7.54%,175.5MiB / 3.748GiB,4.57%,1.42MB / 2.24MB,1.19MB / 77.2MB
1789312782.4658961,aegis-credential-broker,0.19%,79.02MiB / 3.748GiB,2.06%,1.59MB / 915kB,0B / 532kB
1789312782.4658961,aegis-protected-tool,0.20%,63.06MiB / 3.748GiB,1.64%,505kB / 411kB,0B / 532kB
1789312782.4658961,aegis-bench-runner,0.00%,25.33MiB / 3.748GiB,0.66%,1.07MB / 1MB,0B / 12.3kB
1789312786.7466345,aegis-control-plane,0.13%,68.44MiB / 3.748GiB,1.78%,476kB / 427kB,0B / 29.2MB
1789312786.7466345,aegis-enforcement-gateway,0.13%,166.2MiB / 3.748GiB,4.33%,1.42MB / 2.24MB,1.19MB / 77.2MB
1789312786.7466345,aegis-credential-broker,0.16%,79.02MiB / 3.748GiB,2.06%,1.59MB / 915kB,0B / 532kB
1789312786.7466345,aegis-protected-tool,0.14%,63.06MiB / 3.748GiB,1.64%,505kB / 411kB,0B / 532kB
1789312786.7466345,aegis-bench-runner,0.00%,25.33MiB / 3.748GiB,0.66%,1.07MB / 1MB,0B / 12.3kB
1789312790.9570413,aegis-control-plane,0.13%,68.21MiB / 3.748GiB,1.78%,476kB / 427kB,0B / 29.2MB
1789312790.9570413,aegis-enforcement-gateway,0.14%,175.1MiB / 3.748GiB,4.56%,1.42MB / 2.24MB,1.19MB / 77.2MB
1789312790.9570413,aegis-credential-broker,0.12%,79.02MiB / 3.748GiB,2.06%,1.59MB / 915kB,0B / 532kB
1789312790.9570413,aegis-protected-tool,0.13%,63.06MiB / 3.748GiB,1.64%,505kB / 411kB,0B / 532kB
1789312790.9570413,aegis-bench-runner,0.00%,25.33MiB / 3.748GiB,0.66%,1.07MB / 1MB,0B / 12.3kB
1789312795.190149,aegis-control-plane,0.15%,68.16MiB / 3.748GiB,1.78%,476kB / 427kB,0B / 29.2MB
1789312795.190149,aegis-enforcement-gateway,14.53%,167.7MiB / 3.748GiB,4.37%,1.45MB / 2.25MB,1.19MB / 77.2MB
1789312795.190149,aegis-credential-broker,0.13%,79.02MiB / 3.748GiB,2.06%,1.59MB / 915kB,0B / 532kB
1789312795.190149,aegis-protected-tool,0.14%,63.06MiB / 3.748GiB,1.64%,505kB / 411kB,0B / 532kB
1789312795.190149,aegis-bench-runner,0.00%,24.81MiB / 3.748GiB,0.65%,1.08MB / 1.04MB,0B / 12.3kB
1789312799.4073393,aegis-control-plane,0.14%,68.21MiB / 3.748GiB,1.78%,476kB / 427kB,0B / 29.2MB
1789312799.4073393,aegis-enforcement-gateway,0.13%,176.7MiB / 3.748GiB,4.61%,1.45MB / 2.25MB,1.19MB / 77.2MB
1789312799.4073393,aegis-credential-broker,0.12%,79.02MiB / 3.748GiB,2.06%,1.59MB / 915kB,0B / 532kB
1789312799.4073393,aegis-protected-tool,0.16%,63.06MiB / 3.748GiB,1.64%,505kB / 411kB,0B / 532kB
1789312799.4073393,aegis-bench-runner,0.00%,24.81MiB / 3.748GiB,0.65%,1.08MB / 1.04MB,0B / 12.3kB
1789312803.6217077,aegis-control-plane,0.13%,68.57MiB / 3.748GiB,1.79%,476kB / 427kB,0B / 29.2MB
1789312803.6217077,aegis-enforcement-gateway,6.63%,167.6MiB / 3.748GiB,4.37%,1.45MB / 2.25MB,1.19MB / 77.2MB
1789312803.6217077,aegis-credential-broker,0.17%,79.02MiB / 3.748GiB,2.06%,1.59MB / 915kB,0B / 532kB
1789312803.6217077,aegis-protected-tool,0.15%,63.06MiB / 3.748GiB,1.64%,505kB / 411kB,0B / 532kB
1789312803.6217077,aegis-bench-runner,0.00%,24.81MiB / 3.748GiB,0.65%,1.08MB / 1.04MB,0B / 12.3kB
1789312807.8323684,aegis-control-plane,0.13%,67.86MiB / 3.748GiB,1.77%,476kB / 427kB,0B / 29.2MB
1789312807.8323684,aegis-enforcement-gateway,0.15%,178.9MiB / 3.748GiB,4.66%,1.46MB / 2.26MB,1.19MB / 77.9MB
1789312807.8323684,aegis-credential-broker,0.17%,79MiB / 3.748GiB,2.06%,1.6MB / 923kB,0B / 532kB
1789312807.8323684,aegis-protected-tool,0.14%,63.05MiB / 3.748GiB,1.64%,510kB / 415kB,0B / 532kB
1789312807.8323684,aegis-bench-runner,0.00%,24.81MiB / 3.748GiB,0.65%,1.08MB / 1.04MB,0B / 12.3kB
1789312812.0515234,aegis-control-plane,13.98%,68.13MiB / 3.748GiB,1.78%,476kB / 427kB,0B / 29.2MB
1789312812.0515234,aegis-enforcement-gateway,0.13%,169.6MiB / 3.748GiB,4.42%,1.49MB / 2.27MB,1.19MB / 77.9MB
1789312812.0515234,aegis-credential-broker,0.11%,79MiB / 3.748GiB,2.06%,1.6MB / 923kB,0B / 532kB
1789312812.0515234,aegis-protected-tool,0.12%,63.05MiB / 3.748GiB,1.64%,510kB / 415kB,0B / 532kB
1789312812.0515234,aegis-bench-runner,0.00%,25.25MiB / 3.748GiB,0.66%,1.09MB / 1.08MB,0B / 12.3kB
1789312816.2858362,aegis-control-plane,1.58%,71.39MiB / 3.748GiB,1.86%,476kB / 427kB,0B / 29.2MB
1789312816.2858362,aegis-enforcement-gateway,0.12%,178.7MiB / 3.748GiB,4.66%,1.49MB / 2.27MB,1.19MB / 77.9MB
1789312816.2858362,aegis-credential-broker,0.15%,79MiB / 3.748GiB,2.06%,1.6MB / 923kB,0B / 532kB
1789312816.2858362,aegis-protected-tool,0.13%,63.05MiB / 3.748GiB,1.64%,510kB / 415kB,0B / 532kB
1789312816.2858362,aegis-bench-runner,0.00%,25.25MiB / 3.748GiB,0.66%,1.09MB / 1.08MB,0B / 12.3kB
1789312820.505554,aegis-control-plane,0.15%,68.43MiB / 3.748GiB,1.78%,476kB / 427kB,0B / 29.2MB
1789312820.505554,aegis-enforcement-gateway,0.14%,169.8MiB / 3.748GiB,4.42%,1.49MB / 2.27MB,1.19MB / 77.9MB
1789312820.505554,aegis-credential-broker,0.14%,79MiB / 3.748GiB,2.06%,1.6MB / 923kB,0B / 532kB
1789312820.505554,aegis-protected-tool,0.17%,63.05MiB / 3.748GiB,1.64%,510kB / 415kB,0B / 532kB
1789312820.505554,aegis-bench-runner,0.00%,25.25MiB / 3.748GiB,0.66%,1.09MB / 1.08MB,0B / 12.3kB
1789312824.7261755,aegis-control-plane,0.14%,68.01MiB / 3.748GiB,1.77%,476kB / 427kB,0B / 29.2MB
1789312824.7261755,aegis-enforcement-gateway,5.93%,178.8MiB / 3.748GiB,4.66%,1.53MB / 2.29MB,1.19MB / 77.9MB
1789312824.7261755,aegis-credential-broker,0.16%,79MiB / 3.748GiB,2.06%,1.6MB / 923kB,0B / 532kB
1789312824.7261755,aegis-protected-tool,0.15%,63.05MiB / 3.748GiB,1.64%,510kB / 415kB,0B / 532kB
1789312824.7261755,aegis-bench-runner,0.00%,25.25MiB / 3.748GiB,0.66%,1.09MB / 1.08MB,0B / 12.3kB
1789312828.944081,aegis-control-plane,0.13%,68.29MiB / 3.748GiB,1.78%,476kB / 427kB,0B / 29.2MB
1789312828.944081,aegis-enforcement-gateway,0.18%,170.1MiB / 3.748GiB,4.43%,1.53MB / 2.29MB,1.19MB / 77.9MB
1789312828.944081,aegis-credential-broker,0.14%,79MiB / 3.748GiB,2.06%,1.6MB / 923kB,0B / 532kB
1789312828.944081,aegis-protected-tool,0.12%,63.05MiB / 3.748GiB,1.64%,510kB / 415kB,0B / 532kB
1789312828.944081,aegis-bench-runner,0.00%,25.24MiB / 3.748GiB,0.66%,1.11MB / 1.11MB,0B / 12.3kB
1789312833.168104,aegis-control-plane,0.15%,68.23MiB / 3.748GiB,1.78%,476kB / 427kB,0B / 29.2MB
1789312833.168104,aegis-enforcement-gateway,1.29%,170.4MiB / 3.748GiB,4.44%,1.53MB / 2.29MB,1.19MB / 77.9MB
1789312833.168104,aegis-credential-broker,0.12%,79MiB / 3.748GiB,2.06%,1.6MB / 923kB,0B / 532kB
1789312833.168104,aegis-protected-tool,0.13%,63.05MiB / 3.748GiB,1.64%,510kB / 415kB,0B / 532kB
1789312833.168104,aegis-bench-runner,0.00%,25.24MiB / 3.748GiB,0.66%,1.11MB / 1.11MB,0B / 12.3kB
1789312837.3852,aegis-control-plane,0.15%,68.06MiB / 3.748GiB,1.77%,476kB / 427kB,0B / 29.2MB
1789312837.3852,aegis-enforcement-gateway,0.16%,171.7MiB / 3.748GiB,4.47%,1.53MB / 2.3MB,1.19MB / 78.4MB
1789312837.3852,aegis-credential-broker,0.14%,79MiB / 3.748GiB,2.06%,1.61MB / 929kB,0B / 532kB
1789312837.3852,aegis-protected-tool,0.13%,63.05MiB / 3.748GiB,1.64%,513kB / 418kB,0B / 532kB
1789312837.3852,aegis-bench-runner,0.00%,25.24MiB / 3.748GiB,0.66%,1.11MB / 1.11MB,0B / 12.3kB
1789312841.5999312,aegis-control-plane,0.20%,67.89MiB / 3.748GiB,1.77%,476kB / 427kB,0B / 29.2MB
1789312841.5999312,aegis-enforcement-gateway,5.43%,173.3MiB / 3.748GiB,4.52%,1.57MB / 2.31MB,1.19MB / 78.4MB
1789312841.5999312,aegis-credential-broker,0.12%,79MiB / 3.748GiB,2.06%,1.61MB / 929kB,0B / 532kB
1789312841.5999312,aegis-protected-tool,0.17%,63.05MiB / 3.748GiB,1.64%,513kB / 418kB,0B / 532kB
1789312841.5999312,aegis-bench-runner,22.27%,25.05MiB / 3.748GiB,0.65%,1.12MB / 1.15MB,0B / 12.3kB
1789312845.8304138,aegis-control-plane,0.23%,68.43MiB / 3.748GiB,1.78%,476kB / 427kB,0B / 29.2MB
1789312845.8304138,aegis-enforcement-gateway,0.13%,173.3MiB / 3.748GiB,4.52%,1.57MB / 2.31MB,1.19MB / 78.4MB
1789312845.8304138,aegis-credential-broker,0.21%,79MiB / 3.748GiB,2.06%,1.61MB / 929kB,0B / 532kB
1789312845.8304138,aegis-protected-tool,0.19%,63.05MiB / 3.748GiB,1.64%,513kB / 418kB,0B / 532kB
1789312845.8304138,aegis-bench-runner,0.00%,25.05MiB / 3.748GiB,0.65%,1.12MB / 1.15MB,0B / 12.3kB
1789312850.113561,aegis-control-plane,0.23%,68.11MiB / 3.748GiB,1.77%,476kB / 427kB,0B / 29.2MB
1789312850.113561,aegis-enforcement-gateway,0.57%,173.4MiB / 3.748GiB,4.52%,1.57MB / 2.31MB,1.19MB / 78.4MB
1789312850.113561,aegis-credential-broker,0.19%,79MiB / 3.748GiB,2.06%,1.61MB / 929kB,0B / 532kB
1789312850.113561,aegis-protected-tool,0.22%,63.05MiB / 3.748GiB,1.64%,513kB / 418kB,0B / 532kB
1789312850.113561,aegis-bench-runner,0.00%,25.05MiB / 3.748GiB,0.65%,1.12MB / 1.15MB,0B / 12.3kB
1789312854.319561,aegis-control-plane,0.13%,68.12MiB / 3.748GiB,1.78%,476kB / 427kB,0B / 29.2MB
1789312854.319561,aegis-enforcement-gateway,9.89%,182.9MiB / 3.748GiB,4.77%,1.57MB / 2.31MB,1.19MB / 78.4MB
1789312854.319561,aegis-credential-broker,0.17%,79MiB / 3.748GiB,2.06%,1.61MB / 929kB,0B / 532kB
1789312854.319561,aegis-protected-tool,0.14%,63.05MiB / 3.748GiB,1.64%,513kB / 418kB,0B / 532kB
1789312854.319561,aegis-bench-runner,0.00%,25.05MiB / 3.748GiB,0.65%,1.12MB / 1.15MB,0B / 12.3kB
1789312858.5550742,aegis-control-plane,0.13%,68.12MiB / 3.748GiB,1.78%,476kB / 427kB,0B / 29.2MB
1789312858.5550742,aegis-enforcement-gateway,0.12%,175.6MiB / 3.748GiB,4.57%,1.61MB / 2.32MB,1.19MB / 78.4MB
1789312858.5550742,aegis-credential-broker,0.16%,79MiB / 3.748GiB,2.06%,1.61MB / 929kB,0B / 532kB
1789312858.5550742,aegis-protected-tool,0.12%,63.05MiB / 3.748GiB,1.64%,513kB / 418kB,0B / 532kB
1789312858.5550742,aegis-bench-runner,0.00%,25.54MiB / 3.748GiB,0.67%,1.14MB / 1.19MB,0B / 12.3kB
1789312862.7663283,aegis-control-plane,8.84%,75.48MiB / 3.748GiB,1.97%,476kB / 427kB,0B / 29.2MB
1789312862.7663283,aegis-enforcement-gateway,12.03%,184.8MiB / 3.748GiB,4.82%,1.61MB / 2.32MB,1.19MB / 78.4MB
1789312862.7663283,aegis-credential-broker,0.12%,79MiB / 3.748GiB,2.06%,1.61MB / 929kB,0B / 532kB
1789312862.7663283,aegis-protected-tool,0.12%,63.05MiB / 3.748GiB,1.64%,513kB / 418kB,0B / 532kB
1789312862.7663283,aegis-bench-runner,0.00%,25.54MiB / 3.748GiB,0.67%,1.14MB / 1.19MB,0B / 12.3kB
1789312867.002652,aegis-control-plane,15.70%,75.1MiB / 3.748GiB,1.96%,476kB / 427kB,0B / 29.2MB
1789312867.002652,aegis-enforcement-gateway,0.41%,176.2MiB / 3.748GiB,4.59%,1.61MB / 2.32MB,1.19MB / 78.4MB
1789312867.002652,aegis-credential-broker,0.20%,79MiB / 3.748GiB,2.06%,1.61MB / 929kB,0B / 532kB
1789312867.002652,aegis-protected-tool,0.20%,63.05MiB / 3.748GiB,1.64%,513kB / 418kB,0B / 532kB
1789312867.002652,aegis-bench-runner,0.00%,25.54MiB / 3.748GiB,0.67%,1.14MB / 1.19MB,0B / 12.3kB
1789312871.2831867,aegis-control-plane,0.21%,68.51MiB / 3.748GiB,1.79%,476kB / 427kB,0B / 29.2MB
1789312871.2831867,aegis-enforcement-gateway,9.41%,185MiB / 3.748GiB,4.82%,1.61MB / 2.33MB,1.19MB / 78.4MB
1789312871.2831867,aegis-credential-broker,0.17%,79MiB / 3.748GiB,2.06%,1.61MB / 929kB,0B / 532kB
1789312871.2831867,aegis-protected-tool,0.19%,63.05MiB / 3.748GiB,1.64%,513kB / 418kB,0B / 532kB
1789312871.2831867,aegis-bench-runner,8.71%,2.316MiB / 3.748GiB,0.06%,1.14MB / 1.19MB,0B / 12.3kB
1789312875.4891014,aegis-control-plane,0.12%,68.09MiB / 3.748GiB,1.77%,476kB / 427kB,0B / 29.2MB
1789312875.4891014,aegis-enforcement-gateway,0.15%,177MiB / 3.748GiB,4.61%,1.63MB / 2.33MB,1.19MB / 78.4MB
1789312875.4891014,aegis-credential-broker,0.16%,79MiB / 3.748GiB,2.06%,1.61MB / 929kB,0B / 532kB
1789312875.4891014,aegis-protected-tool,0.21%,63.05MiB / 3.748GiB,1.64%,513kB / 418kB,0B / 532kB
1789312875.4891014,aegis-bench-runner,0.00%,44.6MiB / 3.748GiB,1.16%,1.14MB / 1.21MB,119kB / 12.3kB
1789312879.7012944,aegis-control-plane,0.11%,68.38MiB / 3.748GiB,1.78%,476kB / 427kB,0B / 29.2MB
1789312879.7012944,aegis-enforcement-gateway,0.13%,186.3MiB / 3.748GiB,4.86%,1.63MB / 2.33MB,1.19MB / 78.4MB
1789312879.7012944,aegis-credential-broker,0.17%,79MiB / 3.748GiB,2.06%,1.61MB / 929kB,0B / 532kB
1789312879.7012944,aegis-protected-tool,0.14%,63.05MiB / 3.748GiB,1.64%,513kB / 418kB,0B / 532kB
1789312879.7012944,aegis-bench-runner,0.00%,44.6MiB / 3.748GiB,1.16%,1.14MB / 1.21MB,119kB / 12.3kB
1789312883.9152262,aegis-control-plane,12.99%,68.83MiB / 3.748GiB,1.79%,476kB / 427kB,0B / 29.2MB
1789312883.9152262,aegis-enforcement-gateway,0.19%,177.1MiB / 3.748GiB,4.61%,1.63MB / 2.33MB,1.19MB / 78.4MB
1789312883.9152262,aegis-credential-broker,0.17%,79MiB / 3.748GiB,2.06%,1.61MB / 929kB,0B / 532kB
1789312883.9152262,aegis-protected-tool,0.13%,63.05MiB / 3.748GiB,1.64%,513kB / 418kB,0B / 532kB
1789312883.9152262,aegis-bench-runner,0.00%,44.6MiB / 3.748GiB,1.16%,1.14MB / 1.21MB,119kB / 12.3kB
1789312888.1600435,aegis-control-plane,0.24%,68.49MiB / 3.748GiB,1.78%,476kB / 427kB,0B / 29.2MB
1789312888.1600435,aegis-enforcement-gateway,27.24%,187.4MiB / 3.748GiB,4.88%,1.66MB / 2.34MB,1.19MB / 78.4MB
1789312888.1600435,aegis-credential-broker,0.24%,79MiB / 3.748GiB,2.06%,1.61MB / 929kB,0B / 532kB
1789312888.1600435,aegis-protected-tool,0.20%,63.05MiB / 3.748GiB,1.64%,513kB / 418kB,0B / 532kB
1789312888.1600435,aegis-bench-runner,0.38%,44.6MiB / 3.748GiB,1.16%,1.14MB / 1.21MB,119kB / 12.3kB
1789312892.3678443,aegis-control-plane,0.11%,68.12MiB / 3.748GiB,1.77%,476kB / 427kB,0B / 29.2MB
1789312892.3678443,aegis-enforcement-gateway,0.14%,178.2MiB / 3.748GiB,4.64%,1.66MB / 2.34MB,1.19MB / 78.4MB
1789312892.3678443,aegis-credential-broker,0.14%,79MiB / 3.748GiB,2.06%,1.61MB / 929kB,0B / 532kB
1789312892.3678443,aegis-protected-tool,0.15%,63.05MiB / 3.748GiB,1.64%,513kB / 418kB,0B / 532kB
1789312892.3678443,aegis-bench-runner,0.00%,45.09MiB / 3.748GiB,1.18%,1.15MB / 1.24MB,119kB / 12.3kB
1789312896.7122395,aegis-control-plane,0.25%,68.3MiB / 3.748GiB,1.78%,476kB / 427kB,0B / 29.2MB
1789312896.7122395,aegis-enforcement-gateway,0.25%,187MiB / 3.748GiB,4.87%,1.66MB / 2.34MB,1.19MB / 78.4MB
1789312896.7122395,aegis-credential-broker,0.22%,79MiB / 3.748GiB,2.06%,1.61MB / 929kB,0B / 532kB
1789312896.7122395,aegis-protected-tool,0.27%,63.05MiB / 3.748GiB,1.64%,513kB / 418kB,0B / 532kB
1789312896.7122395,aegis-bench-runner,0.00%,45.09MiB / 3.748GiB,1.18%,1.15MB / 1.24MB,119kB / 12.3kB
1789312900.9195626,aegis-control-plane,0.14%,68.29MiB / 3.748GiB,1.78%,476kB / 427kB,0B / 29.2MB
1789312900.9195626,aegis-enforcement-gateway,0.13%,178MiB / 3.748GiB,4.64%,1.66MB / 2.34MB,1.19MB / 78.4MB
1789312900.9195626,aegis-credential-broker,0.14%,79MiB / 3.748GiB,2.06%,1.61MB / 929kB,0B / 532kB
1789312900.9195626,aegis-protected-tool,0.12%,63.05MiB / 3.748GiB,1.64%,513kB / 418kB,0B / 532kB
1789312900.9195626,aegis-bench-runner,0.00%,45.09MiB / 3.748GiB,1.18%,1.15MB / 1.24MB,119kB / 12.3kB
1789312905.1360862,aegis-control-plane,0.17%,68.38MiB / 3.748GiB,1.78%,476kB / 427kB,0B / 29.2MB
1789312905.1360862,aegis-enforcement-gateway,0.12%,187MiB / 3.748GiB,4.87%,1.66MB / 2.34MB,1.19MB / 78.4MB
1789312905.1360862,aegis-credential-broker,0.13%,79MiB / 3.748GiB,2.06%,1.61MB / 929kB,0B / 532kB
1789312905.1360862,aegis-protected-tool,0.18%,63.05MiB / 3.748GiB,1.64%,513kB / 418kB,0B / 532kB
1789312905.1360862,aegis-bench-runner,0.00%,22.25MiB / 3.748GiB,0.58%,1.16MB / 1.24MB,119kB / 73.7kB
1789312909.3554454,aegis-control-plane,6.03%,72.91MiB / 3.748GiB,1.90%,476kB / 427kB,0B / 29.2MB
1789312909.3554454,aegis-enforcement-gateway,0.13%,178.1MiB / 3.748GiB,4.64%,1.66MB / 2.34MB,1.19MB / 78.4MB
1789312909.3554454,aegis-credential-broker,0.15%,79MiB / 3.748GiB,2.06%,1.61MB / 929kB,0B / 532kB
1789312909.3554454,aegis-protected-tool,0.23%,63.05MiB / 3.748GiB,1.64%,513kB / 418kB,0B / 532kB
1789312909.3554454,aegis-bench-runner,0.00%,22.25MiB / 3.748GiB,0.58%,1.16MB / 1.24MB,119kB / 73.7kB
1789312913.5850916,aegis-control-plane,14.79%,74.19MiB / 3.748GiB,1.93%,476kB / 427kB,0B / 29.2MB
1789312913.5850916,aegis-enforcement-gateway,0.19%,186.6MiB / 3.748GiB,4.86%,1.66MB / 2.34MB,1.19MB / 78.4MB
1789312913.5850916,aegis-credential-broker,0.19%,79MiB / 3.748GiB,2.06%,1.61MB / 929kB,0B / 532kB
1789312913.5850916,aegis-protected-tool,0.18%,63.05MiB / 3.748GiB,1.64%,513kB / 418kB,0B / 532kB
1789312913.5850916,aegis-bench-runner,0.00%,22.25MiB / 3.748GiB,0.58%,1.16MB / 1.24MB,119kB / 73.7kB
1789312917.863558,aegis-control-plane,0.20%,68.41MiB / 3.748GiB,1.78%,476kB / 427kB,0B / 29.2MB
1789312917.863558,aegis-enforcement-gateway,0.50%,177.5MiB / 3.748GiB,4.62%,1.66MB / 2.34MB,1.19MB / 78.4MB
1789312917.863558,aegis-credential-broker,0.20%,79MiB / 3.748GiB,2.06%,1.61MB / 929kB,0B / 532kB
1789312917.863558,aegis-protected-tool,0.20%,63.05MiB / 3.748GiB,1.64%,513kB / 418kB,0B / 532kB
1789312917.863558,aegis-bench-runner,0.82%,22.5MiB / 3.748GiB,0.59%,1.16MB / 1.24MB,119kB / 73.7kB
1789312922.1007357,aegis-control-plane,0.22%,68.19MiB / 3.748GiB,1.78%,476kB / 427kB,0B / 29.2MB
1789312922.1007357,aegis-enforcement-gateway,1.38%,177.6MiB / 3.748GiB,4.63%,1.66MB / 2.34MB,1.19MB / 78.4MB
1789312922.1007357,aegis-credential-broker,0.18%,79MiB / 3.748GiB,2.06%,1.61MB / 929kB,0B / 532kB
1789312922.1007357,aegis-protected-tool,0.19%,63.05MiB / 3.748GiB,1.64%,513kB / 418kB,0B / 532kB
1789312922.1007357,aegis-bench-runner,0.00%,22.5MiB / 3.748GiB,0.59%,1.16MB / 1.24MB,119kB / 73.7kB
1789312926.3945985,aegis-control-plane,0.13%,68.34MiB / 3.748GiB,1.78%,476kB / 427kB,0B / 29.2MB
1789312926.3945985,aegis-enforcement-gateway,0.17%,177.4MiB / 3.748GiB,4.62%,1.66MB / 2.34MB,1.19MB / 78.4MB
1789312926.3945985,aegis-credential-broker,0.19%,79MiB / 3.748GiB,2.06%,1.61MB / 929kB,0B / 532kB
1789312926.3945985,aegis-protected-tool,0.14%,63.05MiB / 3.748GiB,1.64%,513kB / 418kB,0B / 532kB
1789312926.3945985,aegis-bench-runner,0.00%,22.5MiB / 3.748GiB,0.59%,1.16MB / 1.24MB,119kB / 73.7kB
1789312930.604149,aegis-control-plane,0.13%,68.36MiB / 3.748GiB,1.78%,476kB / 427kB,0B / 29.2MB
1789312930.604149,aegis-enforcement-gateway,0.34%,177.7MiB / 3.748GiB,4.63%,1.66MB / 2.34MB,1.19MB / 78.4MB
1789312930.604149,aegis-credential-broker,0.14%,79MiB / 3.748GiB,2.06%,1.61MB / 929kB,0B / 532kB
1789312930.604149,aegis-protected-tool,0.13%,63.05MiB / 3.748GiB,1.64%,513kB / 418kB,0B / 532kB
1789312930.604149,aegis-bench-runner,0.00%,22.5MiB / 3.748GiB,0.59%,1.16MB / 1.24MB,119kB / 73.7kB
1789312934.8992217,aegis-control-plane,22.14%,68.12MiB / 3.748GiB,1.78%,476kB / 427kB,0B / 29.2MB
1789312934.8992217,aegis-enforcement-gateway,14.90%,184.9MiB / 3.748GiB,4.82%,1.66MB / 2.34MB,1.19MB / 78.4MB
1789312934.8992217,aegis-credential-broker,0.20%,79MiB / 3.748GiB,2.06%,1.61MB / 929kB,0B / 532kB
1789312934.8992217,aegis-protected-tool,0.23%,63.05MiB / 3.748GiB,1.64%,513kB / 418kB,0B / 532kB
1789312934.8992217,aegis-bench-runner,0.00%,22.5MiB / 3.748GiB,0.59%,1.16MB / 1.24MB,119kB / 73.7kB
1789312939.0970957,aegis-control-plane,0.12%,68.12MiB / 3.748GiB,1.78%,476kB / 427kB,0B / 29.2MB
1789312939.0970957,aegis-enforcement-gateway,0.14%,177.8MiB / 3.748GiB,4.63%,1.66MB / 2.34MB,1.19MB / 78.4MB
1789312939.0970957,aegis-credential-broker,0.16%,79MiB / 3.748GiB,2.06%,1.61MB / 929kB,0B / 532kB
1789312939.0970957,aegis-protected-tool,0.13%,63.05MiB / 3.748GiB,1.64%,513kB / 418kB,0B / 532kB
1789312939.0970957,aegis-bench-runner,0.00%,22.5MiB / 3.748GiB,0.59%,1.16MB / 1.24MB,119kB / 73.7kB
1789312943.3020654,aegis-control-plane,0.12%,68.14MiB / 3.748GiB,1.78%,476kB / 427kB,0B / 29.2MB
1789312943.3020654,aegis-enforcement-gateway,9.67%,186.8MiB / 3.748GiB,4.87%,1.66MB / 2.34MB,1.19MB / 78.4MB
1789312943.3020654,aegis-credential-broker,0.14%,79MiB / 3.748GiB,2.06%,1.61MB / 929kB,0B / 532kB
1789312943.3020654,aegis-protected-tool,0.13%,63.05MiB / 3.748GiB,1.64%,513kB / 418kB,0B / 532kB
1789312943.3020654,aegis-bench-runner,0.00%,22.5MiB / 3.748GiB,0.59%,1.16MB / 1.24MB,119kB / 73.7kB
1789312947.510798,aegis-control-plane,0.12%,68.4MiB / 3.748GiB,1.78%,476kB / 427kB,0B / 29.2MB
1789312947.510798,aegis-enforcement-gateway,0.29%,177.4MiB / 3.748GiB,4.62%,1.66MB / 2.34MB,1.19MB / 78.4MB
1789312947.510798,aegis-credential-broker,0.14%,79MiB / 3.748GiB,2.06%,1.61MB / 929kB,0B / 532kB
1789312947.510798,aegis-protected-tool,0.14%,63.05MiB / 3.748GiB,1.64%,513kB / 418kB,0B / 532kB
1789312947.510798,aegis-bench-runner,0.00%,22.5MiB / 3.748GiB,0.59%,1.16MB / 1.24MB,119kB / 73.7kB
1789312951.7213948,aegis-control-plane,0.12%,68.18MiB / 3.748GiB,1.78%,476kB / 427kB,0B / 29.2MB
1789312951.7213948,aegis-enforcement-gateway,9.71%,186.9MiB / 3.748GiB,4.87%,1.66MB / 2.34MB,1.19MB / 78.4MB
1789312951.7213948,aegis-credential-broker,0.13%,79MiB / 3.748GiB,2.06%,1.61MB / 929kB,0B / 532kB
1789312951.7213948,aegis-protected-tool,0.13%,63.05MiB / 3.748GiB,1.64%,513kB / 418kB,0B / 532kB
1789312951.7213948,aegis-bench-runner,0.00%,22.25MiB / 3.748GiB,0.58%,1.16MB / 1.24MB,119kB / 73.7kB
1789312955.9648964,aegis-control-plane,37.23%,67.77MiB / 3.748GiB,1.77%,476kB / 427kB,0B / 29.2MB
1789312955.9648964,aegis-enforcement-gateway,56.55%,178.7MiB / 3.748GiB,4.66%,1.67MB / 2.36MB,1.19MB / 79.2MB
1789312955.9648964,aegis-credential-broker,18.20%,79.24MiB / 3.748GiB,2.06%,1.63MB / 939kB,0B / 532kB
1789312955.9648964,aegis-protected-tool,2.29%,63.3MiB / 3.748GiB,1.65%,519kB / 422kB,0B / 532kB
1789312955.9648964,aegis-bench-runner,0.00%,22.25MiB / 3.748GiB,0.58%,1.16MB / 1.24MB,119kB / 73.7kB
1789312960.17766,aegis-control-plane,0.14%,67.74MiB / 3.748GiB,1.77%,476kB / 427kB,0B / 29.2MB
1789312960.17766,aegis-enforcement-gateway,0.13%,187.9MiB / 3.748GiB,4.90%,1.67MB / 2.36MB,1.19MB / 79.2MB
1789312960.17766,aegis-credential-broker,0.14%,79.24MiB / 3.748GiB,2.06%,1.63MB / 939kB,0B / 532kB
1789312960.17766,aegis-protected-tool,0.16%,63.3MiB / 3.748GiB,1.65%,519kB / 422kB,0B / 532kB
1789312960.17766,aegis-bench-runner,0.00%,22.25MiB / 3.748GiB,0.58%,1.16MB / 1.24MB,119kB / 73.7kB
1789312964.4139917,aegis-control-plane,0.18%,67.94MiB / 3.748GiB,1.77%,476kB / 427kB,0B / 29.2MB
1789312964.4139917,aegis-enforcement-gateway,0.16%,178.3MiB / 3.748GiB,4.65%,1.67MB / 2.36MB,1.19MB / 79.2MB
1789312964.4139917,aegis-credential-broker,0.18%,79.24MiB / 3.748GiB,2.06%,1.63MB / 939kB,0B / 532kB
1789312964.4139917,aegis-protected-tool,0.14%,63.3MiB / 3.748GiB,1.65%,519kB / 422kB,0B / 532kB
1789312964.4139917,aegis-bench-runner,0.00%,22.5MiB / 3.748GiB,0.59%,1.16MB / 1.24MB,119kB / 73.7kB
1789312968.6250787,aegis-control-plane,0.16%,67.95MiB / 3.748GiB,1.77%,476kB / 427kB,0B / 29.2MB
1789312968.6250787,aegis-enforcement-gateway,0.23%,187.9MiB / 3.748GiB,4.90%,1.67MB / 2.36MB,1.19MB / 79.2MB
1789312968.6250787,aegis-credential-broker,0.25%,79.24MiB / 3.748GiB,2.06%,1.63MB / 939kB,0B / 532kB
1789312968.6250787,aegis-protected-tool,0.20%,63.3MiB / 3.748GiB,1.65%,519kB / 422kB,0B / 532kB
1789312968.6250787,aegis-bench-runner,0.00%,22.5MiB / 3.748GiB,0.59%,1.16MB / 1.24MB,119kB / 73.7kB
1789312972.839002,aegis-control-plane,0.35%,68.52MiB / 3.748GiB,1.79%,476kB / 427kB,0B / 29.2MB
1789312972.839002,aegis-enforcement-gateway,0.34%,178.5MiB / 3.748GiB,4.65%,1.67MB / 2.36MB,1.19MB / 79.2MB
1789312972.839002,aegis-credential-broker,0.31%,79.24MiB / 3.748GiB,2.06%,1.63MB / 939kB,0B / 532kB
1789312972.839002,aegis-protected-tool,0.37%,63.3MiB / 3.748GiB,1.65%,519kB / 422kB,0B / 532kB
1789312972.839002,aegis-bench-runner,0.00%,22.5MiB / 3.748GiB,0.59%,1.16MB / 1.24MB,119kB / 73.7kB
1789312977.0614772,aegis-control-plane,0.19%,68.36MiB / 3.748GiB,1.78%,476kB / 427kB,0B / 29.2MB
1789312977.0614772,aegis-enforcement-gateway,0.16%,187.5MiB / 3.748GiB,4.89%,1.67MB / 2.36MB,1.19MB / 79.2MB
1789312977.0614772,aegis-credential-broker,0.21%,79.24MiB / 3.748GiB,2.06%,1.63MB / 939kB,0B / 532kB
1789312977.0614772,aegis-protected-tool,0.16%,63.3MiB / 3.748GiB,1.65%,519kB / 422kB,0B / 532kB
1789312977.0614772,aegis-bench-runner,0.00%,22.5MiB / 3.748GiB,0.59%,1.16MB / 1.24MB,119kB / 73.7kB
1789312981.3092895,aegis-control-plane,9.30%,68.57MiB / 3.748GiB,1.79%,476kB / 427kB,0B / 29.2MB
1789312981.3092895,aegis-enforcement-gateway,0.28%,178.3MiB / 3.748GiB,4.65%,1.67MB / 2.36MB,1.19MB / 79.2MB
1789312981.3092895,aegis-credential-broker,0.37%,79.24MiB / 3.748GiB,2.06%,1.63MB / 939kB,0B / 532kB
1789312981.3092895,aegis-protected-tool,0.32%,63.3MiB / 3.748GiB,1.65%,519kB / 422kB,0B / 532kB
1789312981.3092895,aegis-bench-runner,0.00%,22.24MiB / 3.748GiB,0.58%,1.16MB / 1.25MB,119kB / 73.7kB
1789312985.5697255,aegis-control-plane,0.23%,68.4MiB / 3.748GiB,1.78%,476kB / 427kB,0B / 29.2MB
1789312985.5697255,aegis-enforcement-gateway,13.42%,187.2MiB / 3.748GiB,4.88%,1.67MB / 2.36MB,1.19MB / 79.2MB
1789312985.5697255,aegis-credential-broker,0.20%,79.24MiB / 3.748GiB,2.06%,1.63MB / 939kB,0B / 532kB
1789312985.5697255,aegis-protected-tool,0.25%,63.3MiB / 3.748GiB,1.65%,519kB / 422kB,0B / 532kB
1789312985.5697255,aegis-bench-runner,0.00%,22.24MiB / 3.748GiB,0.58%,1.16MB / 1.25MB,119kB / 73.7kB
1789312989.8148773,aegis-control-plane,0.35%,68.46MiB / 3.748GiB,1.78%,476kB / 427kB,0B / 29.2MB
1789312989.8148773,aegis-enforcement-gateway,0.35%,177.9MiB / 3.748GiB,4.64%,1.67MB / 2.36MB,1.19MB / 79.2MB
1789312989.8148773,aegis-credential-broker,0.31%,79.24MiB / 3.748GiB,2.06%,1.63MB / 939kB,0B / 532kB
1789312989.8148773,aegis-protected-tool,0.43%,63.3MiB / 3.748GiB,1.65%,519kB / 422kB,0B / 532kB
1789312989.8148773,aegis-bench-runner,0.00%,22.24MiB / 3.748GiB,0.58%,1.16MB / 1.25MB,119kB / 73.7kB
1789312994.0628817,aegis-control-plane,0.32%,68.52MiB / 3.748GiB,1.79%,476kB / 427kB,0B / 29.2MB
1789312994.0628817,aegis-enforcement-gateway,0.35%,187MiB / 3.748GiB,4.87%,1.67MB / 2.36MB,1.19MB / 79.2MB
1789312994.0628817,aegis-credential-broker,0.37%,79.24MiB / 3.748GiB,2.06%,1.63MB / 939kB,0B / 532kB
1789312994.0628817,aegis-protected-tool,0.29%,63.3MiB / 3.748GiB,1.65%,519kB / 422kB,0B / 532kB
1789312994.0628817,aegis-bench-runner,1.63%,22.49MiB / 3.748GiB,0.59%,1.16MB / 1.25MB,119kB / 73.7kB
1789312998.295797,aegis-control-plane,0.31%,67.89MiB / 3.748GiB,1.77%,476kB / 427kB,0B / 29.2MB
1789312998.295797,aegis-enforcement-gateway,0.34%,177.7MiB / 3.748GiB,4.63%,1.67MB / 2.36MB,1.19MB / 79.2MB
1789312998.295797,aegis-credential-broker,0.31%,79.24MiB / 3.748GiB,2.06%,1.63MB / 939kB,0B / 532kB
1789312998.295797,aegis-protected-tool,0.30%,63.3MiB / 3.748GiB,1.65%,519kB / 422kB,0B / 532kB
1789312998.295797,aegis-bench-runner,0.00%,22.49MiB / 3.748GiB,0.59%,1.16MB / 1.25MB,119kB / 73.7kB
1789313002.547248,aegis-control-plane,8.92%,68.76MiB / 3.748GiB,1.79%,476kB / 427kB,0B / 29.2MB
1789313002.547248,aegis-enforcement-gateway,1.02%,177.8MiB / 3.748GiB,4.63%,1.67MB / 2.36MB,1.19MB / 79.2MB
1789313002.547248,aegis-credential-broker,0.28%,79.24MiB / 3.748GiB,2.06%,1.63MB / 939kB,0B / 532kB
1789313002.547248,aegis-protected-tool,0.33%,63.3MiB / 3.748GiB,1.65%,519kB / 422kB,0B / 532kB
1789313002.547248,aegis-bench-runner,0.00%,22.49MiB / 3.748GiB,0.59%,1.16MB / 1.25MB,119kB / 73.7kB
1789313006.79476,aegis-control-plane,9.24%,68.59MiB / 3.748GiB,1.79%,476kB / 427kB,0B / 29.2MB
1789313006.79476,aegis-enforcement-gateway,0.32%,177.8MiB / 3.748GiB,4.63%,1.67MB / 2.36MB,1.19MB / 79.2MB
1789313006.79476,aegis-credential-broker,0.28%,79.24MiB / 3.748GiB,2.06%,1.63MB / 939kB,0B / 532kB
1789313006.79476,aegis-protected-tool,0.28%,63.3MiB / 3.748GiB,1.65%,519kB / 422kB,0B / 532kB
1789313006.79476,aegis-bench-runner,0.00%,22.49MiB / 3.748GiB,0.59%,1.16MB / 1.25MB,119kB / 73.7kB
1789313011.023063,aegis-control-plane,0.40%,68.36MiB / 3.748GiB,1.78%,476kB / 427kB,0B / 29.2MB
1789313011.023063,aegis-enforcement-gateway,0.48%,177.9MiB / 3.748GiB,4.64%,1.67MB / 2.36MB,1.19MB / 79.2MB
1789313011.023063,aegis-credential-broker,0.37%,79.24MiB / 3.748GiB,2.06%,1.63MB / 939kB,0B / 532kB
1789313011.023063,aegis-protected-tool,0.34%,63.3MiB / 3.748GiB,1.65%,519kB / 422kB,0B / 532kB
1789313011.023063,aegis-bench-runner,0.00%,22.49MiB / 3.748GiB,0.59%,1.16MB / 1.25MB,119kB / 73.7kB
1789313015.2482867,aegis-control-plane,0.33%,68.22MiB / 3.748GiB,1.78%,476kB / 427kB,0B / 29.2MB
1789313015.2482867,aegis-enforcement-gateway,5.36%,177.8MiB / 3.748GiB,4.63%,1.67MB / 2.36MB,1.19MB / 79.2MB
1789313015.2482867,aegis-credential-broker,0.33%,79.24MiB / 3.748GiB,2.06%,1.63MB / 939kB,0B / 532kB
1789313015.2482867,aegis-protected-tool,0.27%,63.3MiB / 3.748GiB,1.65%,519kB / 422kB,0B / 532kB
1789313015.2482867,aegis-bench-runner,0.00%,22.49MiB / 3.748GiB,0.59%,1.16MB / 1.25MB,119kB / 73.7kB
1789313019.471893,aegis-control-plane,0.34%,68.75MiB / 3.748GiB,1.79%,476kB / 427kB,0B / 29.2MB
1789313019.471893,aegis-enforcement-gateway,0.57%,178.2MiB / 3.748GiB,4.64%,1.67MB / 2.36MB,1.19MB / 79.2MB
1789313019.471893,aegis-credential-broker,0.33%,79.24MiB / 3.748GiB,2.06%,1.63MB / 939kB,0B / 532kB
1789313019.471893,aegis-protected-tool,0.31%,63.3MiB / 3.748GiB,1.65%,519kB / 422kB,0B / 532kB
1789313019.471893,aegis-bench-runner,0.00%,22.49MiB / 3.748GiB,0.59%,1.16MB / 1.25MB,119kB / 73.7kB
1789313023.712432,aegis-control-plane,0.34%,68.16MiB / 3.748GiB,1.78%,476kB / 427kB,0B / 29.2MB
1789313023.712432,aegis-enforcement-gateway,8.67%,187.2MiB / 3.748GiB,4.88%,1.67MB / 2.36MB,1.19MB / 79.2MB
1789313023.712432,aegis-credential-broker,0.33%,79.24MiB / 3.748GiB,2.06%,1.63MB / 939kB,0B / 532kB
1789313023.712432,aegis-protected-tool,0.31%,63.3MiB / 3.748GiB,1.65%,519kB / 422kB,0B / 532kB
1789313023.712432,aegis-bench-runner,1.42%,22.49MiB / 3.748GiB,0.59%,1.16MB / 1.25MB,119kB / 73.7kB
1789313027.9563475,aegis-control-plane,0.36%,68.3MiB / 3.748GiB,1.78%,476kB / 427kB,0B / 29.2MB
1789313027.9563475,aegis-enforcement-gateway,0.42%,177.7MiB / 3.748GiB,4.63%,1.67MB / 2.36MB,1.19MB / 79.2MB
1789313027.9563475,aegis-credential-broker,0.34%,79.24MiB / 3.748GiB,2.06%,1.63MB / 939kB,0B / 532kB
1789313027.9563475,aegis-protected-tool,0.30%,63.3MiB / 3.748GiB,1.65%,519kB / 422kB,0B / 532kB
1789313027.9563475,aegis-bench-runner,0.00%,22.49MiB / 3.748GiB,0.59%,1.16MB / 1.25MB,119kB / 73.7kB
1789313032.1943927,aegis-control-plane,9.47%,68.44MiB / 3.748GiB,1.78%,476kB / 427kB,0B / 29.2MB
1789313032.1943927,aegis-enforcement-gateway,0.28%,177.7MiB / 3.748GiB,4.63%,1.67MB / 2.36MB,1.19MB / 79.2MB
1789313032.1943927,aegis-credential-broker,0.33%,79.24MiB / 3.748GiB,2.06%,1.63MB / 939kB,0B / 532kB
1789313032.1943927,aegis-protected-tool,0.26%,63.3MiB / 3.748GiB,1.65%,519kB / 422kB,0B / 532kB
1789313032.1943927,aegis-bench-runner,0.00%,22.49MiB / 3.748GiB,0.59%,1.16MB / 1.25MB,119kB / 73.7kB
1789313036.3924215,aegis-control-plane,0.37%,68.4MiB / 3.748GiB,1.78%,476kB / 427kB,0B / 29.2MB
1789313036.3924215,aegis-enforcement-gateway,0.39%,177.7MiB / 3.748GiB,4.63%,1.67MB / 2.36MB,1.19MB / 79.2MB
1789313036.3924215,aegis-credential-broker,0.34%,79.24MiB / 3.748GiB,2.06%,1.63MB / 939kB,0B / 532kB
1789313036.3924215,aegis-protected-tool,0.39%,63.3MiB / 3.748GiB,1.65%,519kB / 422kB,0B / 532kB
1789313036.3924215,aegis-bench-runner,0.00%,22.49MiB / 3.748GiB,0.59%,1.16MB / 1.25MB,119kB / 73.7kB
1789313040.617235,aegis-control-plane,0.37%,68MiB / 3.748GiB,1.77%,476kB / 427kB,0B / 29.2MB
1789313040.617235,aegis-enforcement-gateway,2.27%,187.4MiB / 3.748GiB,4.88%,1.67MB / 2.36MB,1.19MB / 79.2MB
1789313040.617235,aegis-credential-broker,0.32%,79.24MiB / 3.748GiB,2.06%,1.63MB / 939kB,0B / 532kB
1789313040.617235,aegis-protected-tool,0.38%,63.3MiB / 3.748GiB,1.65%,519kB / 422kB,0B / 532kB
1789313040.617235,aegis-bench-runner,0.00%,22.49MiB / 3.748GiB,0.59%,1.16MB / 1.25MB,119kB / 73.7kB
1789313044.8475323,aegis-control-plane,0.40%,68.67MiB / 3.748GiB,1.79%,476kB / 427kB,0B / 29.2MB
1789313044.8475323,aegis-enforcement-gateway,8.97%,177.8MiB / 3.748GiB,4.63%,1.67MB / 2.36MB,1.19MB / 79.2MB
1789313044.8475323,aegis-credential-broker,0.33%,79.24MiB / 3.748GiB,2.06%,1.63MB / 939kB,0B / 532kB
1789313044.8475323,aegis-protected-tool,0.30%,63.3MiB / 3.748GiB,1.65%,519kB / 422kB,0B / 532kB
1789313044.8475323,aegis-bench-runner,0.00%,22.49MiB / 3.748GiB,0.59%,1.16MB / 1.25MB,119kB / 73.7kB
1789313049.0766864,aegis-control-plane,0.37%,68.6MiB / 3.748GiB,1.79%,476kB / 427kB,0B / 29.2MB
1789313049.0766864,aegis-enforcement-gateway,0.29%,187.5MiB / 3.748GiB,4.89%,1.67MB / 2.36MB,1.19MB / 79.2MB
1789313049.0766864,aegis-credential-broker,0.34%,79.24MiB / 3.748GiB,2.06%,1.63MB / 939kB,0B / 532kB
1789313049.0766864,aegis-protected-tool,0.32%,63.3MiB / 3.748GiB,1.65%,519kB / 422kB,0B / 532kB
1789313049.0766864,aegis-bench-runner,0.00%,22.49MiB / 3.748GiB,0.59%,1.16MB / 1.25MB,119kB / 73.7kB
1789313053.3082914,aegis-control-plane,9.62%,68.16MiB / 3.748GiB,1.78%,476kB / 427kB,0B / 29.2MB
1789313053.3082914,aegis-enforcement-gateway,0.33%,178.3MiB / 3.748GiB,4.65%,1.67MB / 2.36MB,1.19MB / 79.2MB
1789313053.3082914,aegis-credential-broker,0.24%,79.24MiB / 3.748GiB,2.06%,1.63MB / 939kB,0B / 532kB
1789313053.3082914,aegis-protected-tool,0.32%,63.3MiB / 3.748GiB,1.65%,519kB / 422kB,0B / 532kB
1789313053.3082914,aegis-bench-runner,0.00%,22.49MiB / 3.748GiB,0.59%,1.16MB / 1.25MB,119kB / 73.7kB
1789313057.5122805,aegis-control-plane,1.46%,71.1MiB / 3.748GiB,1.85%,476kB / 427kB,0B / 29.2MB
1789313057.5122805,aegis-enforcement-gateway,8.67%,187.6MiB / 3.748GiB,4.89%,1.67MB / 2.36MB,1.19MB / 79.2MB
1789313057.5122805,aegis-credential-broker,0.31%,79.24MiB / 3.748GiB,2.06%,1.63MB / 939kB,0B / 532kB
1789313057.5122805,aegis-protected-tool,0.36%,63.3MiB / 3.748GiB,1.65%,519kB / 422kB,0B / 532kB
1789313057.5122805,aegis-bench-runner,0.00%,22.49MiB / 3.748GiB,0.59%,1.16MB / 1.25MB,119kB / 73.7kB
1789313061.7304988,aegis-control-plane,0.41%,68.41MiB / 3.748GiB,1.78%,476kB / 427kB,0B / 29.2MB
1789313061.7304988,aegis-enforcement-gateway,0.44%,177.9MiB / 3.748GiB,4.64%,1.67MB / 2.36MB,1.19MB / 79.2MB
1789313061.7304988,aegis-credential-broker,0.34%,79.24MiB / 3.748GiB,2.06%,1.63MB / 939kB,0B / 532kB
1789313061.7304988,aegis-protected-tool,0.41%,63.3MiB / 3.748GiB,1.65%,519kB / 422kB,0B / 532kB
1789313061.7304988,aegis-bench-runner,0.00%,22.49MiB / 3.748GiB,0.59%,1.16MB / 1.25MB,119kB / 73.7kB
1789313065.9544404,aegis-control-plane,0.30%,68.21MiB / 3.748GiB,1.78%,476kB / 427kB,0B / 29.2MB
1789313065.9544404,aegis-enforcement-gateway,0.32%,187.3MiB / 3.748GiB,4.88%,1.67MB / 2.36MB,1.19MB / 79.2MB
1789313065.9544404,aegis-credential-broker,0.40%,79.24MiB / 3.748GiB,2.06%,1.63MB / 939kB,0B / 532kB
1789313065.9544404,aegis-protected-tool,0.33%,63.3MiB / 3.748GiB,1.65%,519kB / 422kB,0B / 532kB
1789313065.9544404,aegis-bench-runner,0.00%,22.49MiB / 3.748GiB,0.59%,1.16MB / 1.25MB,119kB / 73.7kB
1789313070.192694,aegis-control-plane,0.33%,68.4MiB / 3.748GiB,1.78%,476kB / 427kB,0B / 29.2MB
1789313070.192694,aegis-enforcement-gateway,0.38%,178MiB / 3.748GiB,4.64%,1.67MB / 2.36MB,1.19MB / 79.2MB
1789313070.192694,aegis-credential-broker,0.32%,79.24MiB / 3.748GiB,2.06%,1.63MB / 939kB,0B / 532kB
1789313070.192694,aegis-protected-tool,0.34%,63.3MiB / 3.748GiB,1.65%,519kB / 422kB,0B / 532kB
1789313070.192694,aegis-bench-runner,0.00%,22.49MiB / 3.748GiB,0.59%,1.16MB / 1.25MB,119kB / 73.7kB
1789313074.4206743,aegis-control-plane,0.31%,68.49MiB / 3.748GiB,1.78%,476kB / 427kB,0B / 29.2MB
1789313074.4206743,aegis-enforcement-gateway,14.07%,187.2MiB / 3.748GiB,4.88%,1.68MB / 2.36MB,1.19MB / 79.2MB
1789313074.4206743,aegis-credential-broker,1.51%,78.99MiB / 3.748GiB,2.06%,1.63MB / 940kB,0B / 532kB
1789313074.4206743,aegis-protected-tool,0.63%,63.3MiB / 3.748GiB,1.65%,519kB / 423kB,0B / 532kB
1789313074.4206743,aegis-bench-runner,0.00%,22.24MiB / 3.748GiB,0.58%,1.16MB / 1.25MB,119kB / 73.7kB
1789313078.672093,aegis-control-plane,9.48%,68.64MiB / 3.748GiB,1.79%,476kB / 427kB,0B / 29.2MB
1789313078.672093,aegis-enforcement-gateway,0.32%,178.2MiB / 3.748GiB,4.64%,1.68MB / 2.37MB,1.19MB / 79.7MB
1789313078.672093,aegis-credential-broker,0.29%,78.98MiB / 3.748GiB,2.06%,1.64MB / 945kB,0B / 532kB
1789313078.672093,aegis-protected-tool,0.32%,63.55MiB / 3.748GiB,1.66%,522kB / 425kB,0B / 532kB
1789313078.672093,aegis-bench-runner,0.00%,22.24MiB / 3.748GiB,0.58%,1.16MB / 1.25MB,119kB / 73.7kB
1789313082.9152033,aegis-control-plane,0.34%,68.36MiB / 3.748GiB,1.78%,476kB / 427kB,0B / 29.2MB
1789313082.9152033,aegis-enforcement-gateway,1.45%,178.6MiB / 3.748GiB,4.65%,1.68MB / 2.37MB,1.19MB / 79.7MB
1789313082.9152033,aegis-credential-broker,0.32%,78.98MiB / 3.748GiB,2.06%,1.64MB / 945kB,0B / 532kB
1789313082.9152033,aegis-protected-tool,0.40%,63.55MiB / 3.748GiB,1.66%,522kB / 425kB,0B / 532kB
1789313082.9152033,aegis-bench-runner,1.05%,22.24MiB / 3.748GiB,0.58%,1.16MB / 1.25MB,119kB / 73.7kB
1789313087.1350176,aegis-control-plane,0.29%,67.95MiB / 3.748GiB,1.77%,476kB / 427kB,0B / 29.2MB
1789313087.1350176,aegis-enforcement-gateway,0.28%,178.4MiB / 3.748GiB,4.65%,1.68MB / 2.37MB,1.19MB / 79.7MB
1789313087.1350176,aegis-credential-broker,0.32%,78.98MiB / 3.748GiB,2.06%,1.64MB / 945kB,0B / 532kB
1789313087.1350176,aegis-protected-tool,0.41%,63.55MiB / 3.748GiB,1.66%,522kB / 425kB,0B / 532kB
1789313087.1350176,aegis-bench-runner,0.00%,22.24MiB / 3.748GiB,0.58%,1.16MB / 1.25MB,119kB / 73.7kB
1789313091.385725,aegis-control-plane,0.27%,68.14MiB / 3.748GiB,1.78%,476kB / 427kB,0B / 29.2MB
1789313091.385725,aegis-enforcement-gateway,0.65%,178.3MiB / 3.748GiB,4.65%,1.68MB / 2.37MB,1.19MB / 79.7MB
1789313091.385725,aegis-credential-broker,0.33%,78.98MiB / 3.748GiB,2.06%,1.64MB / 945kB,0B / 532kB
1789313091.385725,aegis-protected-tool,0.26%,63.55MiB / 3.748GiB,1.66%,522kB / 425kB,0B / 532kB
1789313091.385725,aegis-bench-runner,0.00%,22.24MiB / 3.748GiB,0.58%,1.16MB / 1.25MB,119kB / 73.7kB
1789313095.6358569,aegis-control-plane,0.38%,68.39MiB / 3.748GiB,1.78%,476kB / 427kB,0B / 29.2MB
1789313095.6358569,aegis-enforcement-gateway,0.36%,178.3MiB / 3.748GiB,4.65%,1.68MB / 2.37MB,1.19MB / 79.7MB
1789313095.6358569,aegis-credential-broker,0.36%,78.98MiB / 3.748GiB,2.06%,1.64MB / 945kB,0B / 532kB
1789313095.6358569,aegis-protected-tool,0.36%,63.55MiB / 3.748GiB,1.66%,522kB / 425kB,0B / 532kB
1789313095.6358569,aegis-bench-runner,0.00%,22.24MiB / 3.748GiB,0.58%,1.16MB / 1.25MB,119kB / 73.7kB
1789313099.8947337,aegis-control-plane,0.33%,68.4MiB / 3.748GiB,1.78%,476kB / 427kB,0B / 29.2MB
1789313099.8947337,aegis-enforcement-gateway,0.31%,187.5MiB / 3.748GiB,4.88%,1.68MB / 2.37MB,1.19MB / 79.7MB
1789313099.8947337,aegis-credential-broker,0.34%,78.98MiB / 3.748GiB,2.06%,1.64MB / 945kB,0B / 532kB
1789313099.8947337,aegis-protected-tool,0.26%,63.55MiB / 3.748GiB,1.66%,522kB / 425kB,0B / 532kB
1789313099.8947337,aegis-bench-runner,0.00%,22.24MiB / 3.748GiB,0.58%,1.16MB / 1.25MB,119kB / 73.7kB
1789313104.1122677,aegis-control-plane,0.41%,68.4MiB / 3.748GiB,1.78%,476kB / 427kB,0B / 29.2MB
1789313104.1122677,aegis-enforcement-gateway,3.11%,178.1MiB / 3.748GiB,4.64%,1.68MB / 2.37MB,1.19MB / 79.7MB
1789313104.1122677,aegis-credential-broker,0.24%,78.98MiB / 3.748GiB,2.06%,1.64MB / 945kB,0B / 532kB
1789313104.1122677,aegis-protected-tool,0.31%,63.55MiB / 3.748GiB,1.66%,522kB / 425kB,0B / 532kB
1789313104.1122677,aegis-bench-runner,0.00%,22.24MiB / 3.748GiB,0.58%,1.16MB / 1.25MB,119kB / 73.7kB
1789313108.3613417,aegis-control-plane,0.38%,68.08MiB / 3.748GiB,1.77%,476kB / 427kB,0B / 29.2MB
1789313108.3613417,aegis-enforcement-gateway,0.37%,178.5MiB / 3.748GiB,4.65%,1.68MB / 2.37MB,1.19MB / 79.7MB
1789313108.3613417,aegis-credential-broker,0.36%,78.98MiB / 3.748GiB,2.06%,1.64MB / 945kB,0B / 532kB
1789313108.3613417,aegis-protected-tool,0.32%,63.55MiB / 3.748GiB,1.66%,522kB / 425kB,0B / 532kB
1789313108.3613417,aegis-bench-runner,0.00%,22.24MiB / 3.748GiB,0.58%,1.16MB / 1.25MB,119kB / 73.7kB
1789313112.6269565,aegis-control-plane,0.31%,68.2MiB / 3.748GiB,1.78%,476kB / 427kB,0B / 29.2MB
1789313112.6269565,aegis-enforcement-gateway,9.01%,187.6MiB / 3.748GiB,4.89%,1.68MB / 2.37MB,1.19MB / 79.7MB
1789313112.6269565,aegis-credential-broker,0.28%,78.98MiB / 3.748GiB,2.06%,1.64MB / 945kB,0B / 532kB
1789313112.6269565,aegis-protected-tool,0.27%,63.55MiB / 3.748GiB,1.66%,522kB / 425kB,0B / 532kB
1789313112.6269565,aegis-bench-runner,1.43%,22.24MiB / 3.748GiB,0.58%,1.16MB / 1.25MB,119kB / 73.7kB
1789313116.8695793,aegis-control-plane,0.34%,68.41MiB / 3.748GiB,1.78%,476kB / 427kB,0B / 29.2MB
1789313116.8695793,aegis-enforcement-gateway,0.37%,178.5MiB / 3.748GiB,4.65%,1.68MB / 2.37MB,1.19MB / 79.7MB
1789313116.8695793,aegis-credential-broker,0.32%,78.98MiB / 3.748GiB,2.06%,1.64MB / 945kB,0B / 532kB
1789313116.8695793,aegis-protected-tool,0.35%,63.55MiB / 3.748GiB,1.66%,522kB / 425kB,0B / 532kB
1789313116.8695793,aegis-bench-runner,0.00%,22.24MiB / 3.748GiB,0.58%,1.16MB / 1.25MB,119kB / 73.7kB
1789313121.0912306,aegis-control-plane,0.28%,68.34MiB / 3.748GiB,1.78%,476kB / 427kB,0B / 29.2MB
1789313121.0912306,aegis-enforcement-gateway,0.28%,178.5MiB / 3.748GiB,4.65%,1.68MB / 2.37MB,1.19MB / 79.7MB
1789313121.0912306,aegis-credential-broker,0.34%,78.98MiB / 3.748GiB,2.06%,1.64MB / 945kB,0B / 532kB
1789313121.0912306,aegis-protected-tool,0.36%,63.55MiB / 3.748GiB,1.66%,522kB / 425kB,0B / 532kB
1789313121.0912306,aegis-bench-runner,0.00%,22.24MiB / 3.748GiB,0.58%,1.16MB / 1.25MB,119kB / 73.7kB
1789313125.307027,aegis-control-plane,10.03%,68.5MiB / 3.748GiB,1.79%,476kB / 427kB,0B / 29.2MB
1789313125.307027,aegis-enforcement-gateway,0.33%,178.5MiB / 3.748GiB,4.65%,1.68MB / 2.37MB,1.19MB / 79.7MB
1789313125.307027,aegis-credential-broker,0.35%,78.98MiB / 3.748GiB,2.06%,1.64MB / 945kB,0B / 532kB
1789313125.307027,aegis-protected-tool,0.35%,63.55MiB / 3.748GiB,1.66%,522kB / 425kB,0B / 532kB
1789313125.307027,aegis-bench-runner,0.00%,22.24MiB / 3.748GiB,0.58%,1.16MB / 1.25MB,119kB / 73.7kB
1789313129.543231,aegis-control-plane,9.28%,68.6MiB / 3.748GiB,1.79%,476kB / 427kB,0B / 29.2MB
1789313129.543231,aegis-enforcement-gateway,0.31%,187.4MiB / 3.748GiB,4.88%,1.68MB / 2.37MB,1.19MB / 79.7MB
1789313129.543231,aegis-credential-broker,0.31%,78.98MiB / 3.748GiB,2.06%,1.64MB / 945kB,0B / 532kB
1789313129.543231,aegis-protected-tool,0.31%,63.55MiB / 3.748GiB,1.66%,522kB / 425kB,0B / 532kB
1789313129.543231,aegis-bench-runner,0.35%,22.49MiB / 3.748GiB,0.59%,1.16MB / 1.25MB,119kB / 73.7kB
1789313133.7593865,aegis-control-plane,0.31%,68.56MiB / 3.748GiB,1.79%,476kB / 427kB,0B / 29.2MB
1789313133.7593865,aegis-enforcement-gateway,3.26%,178.2MiB / 3.748GiB,4.64%,1.68MB / 2.37MB,1.19MB / 79.7MB
1789313133.7593865,aegis-credential-broker,0.31%,78.98MiB / 3.748GiB,2.06%,1.64MB / 945kB,0B / 532kB
1789313133.7593865,aegis-protected-tool,0.25%,63.55MiB / 3.748GiB,1.66%,522kB / 425kB,0B / 532kB
1789313133.7593865,aegis-bench-runner,0.00%,22.49MiB / 3.748GiB,0.59%,1.16MB / 1.25MB,119kB / 73.7kB
1789313137.9961545,aegis-control-plane,50.61%,68.35MiB / 3.748GiB,1.78%,476kB / 427kB,0B / 29.2MB
1789313137.9961545,aegis-enforcement-gateway,0.18%,181.4MiB / 3.748GiB,4.73%,1.7MB / 2.42MB,1.62MB / 83.4MB
1789313137.9961545,aegis-credential-broker,0.15%,79.2MiB / 3.748GiB,2.06%,1.71MB / 983kB,0B / 532kB
1789313137.9961545,aegis-protected-tool,0.16%,63.27MiB / 3.748GiB,1.65%,543kB / 442kB,0B / 532kB
1789313137.9961545,aegis-bench-runner,5.01%,2.258MiB / 3.748GiB,0.06%,1.16MB / 1.26MB,119kB / 73.7kB
1789313142.210586,aegis-control-plane,51.57%,68.16MiB / 3.748GiB,1.78%,476kB / 427kB,0B / 29.2MB
1789313142.210586,aegis-enforcement-gateway,34.20%,180MiB / 3.748GiB,4.69%,1.79MB / 2.57MB,1.62MB / 88.8MB
1789313142.210586,aegis-credential-broker,9.04%,79.15MiB / 3.748GiB,2.06%,1.8MB / 1.04MB,0B / 532kB
1789313142.210586,aegis-protected-tool,0.14%,63.52MiB / 3.748GiB,1.66%,575kB / 468kB,0B / 532kB
1789313142.210586,aegis-bench-runner,2.36%,6.527MiB / 3.748GiB,0.17%,1.23MB / 1.32MB,119kB / 73.7kB
1789313146.4093454,aegis-control-plane,0.30%,68.33MiB / 3.748GiB,1.78%,476kB / 427kB,0B / 29.2MB
1789313146.4093454,aegis-enforcement-gateway,22.69%,206.2MiB / 3.748GiB,5.37%,1.79MB / 2.58MB,1.62MB / 89.1MB
1789313146.4093454,aegis-credential-broker,0.24%,79.15MiB / 3.748GiB,2.06%,1.81MB / 1.05MB,0B / 532kB
1789313146.4093454,aegis-protected-tool,0.27%,63.52MiB / 3.748GiB,1.66%,577kB / 470kB,0B / 532kB
1789313146.4093454,aegis-bench-runner,0.00%,2.453MiB / 3.748GiB,0.06%,1.24MB / 1.32MB,119kB / 73.7kB
1789313150.648886,aegis-control-plane,8.00%,68.46MiB / 3.748GiB,1.78%,476kB / 427kB,0B / 29.2MB
1789313150.648886,aegis-enforcement-gateway,0.23%,180.3MiB / 3.748GiB,4.70%,1.79MB / 2.58MB,1.62MB / 89.1MB
1789313150.648886,aegis-credential-broker,0.34%,79.15MiB / 3.748GiB,2.06%,1.82MB / 1.05MB,0B / 532kB
1789313150.648886,aegis-protected-tool,0.34%,63.52MiB / 3.748GiB,1.66%,578kB / 471kB,0B / 532kB
1789313150.648886,aegis-bench-runner,0.00%,2.453MiB / 3.748GiB,0.06%,1.24MB / 1.32MB,119kB / 73.7kB
